{"acc": 0.8362854242572016, "loss": 0.2200590713126837, "_timestamp": 1715102545.5924966, "_runtime": 2.053431749343872, "_step": 7, "_wandb": {"runtime": 1}}