{"AUC": 0.9535998910529048, "confusion_matrix": {"_type": "image-file", "sha256": "fe4e6b4be66185b428a3c74ea91512fc5e1f7753507edc57bce455f4c9c6662e", "size": 93152, "path": "media/images/confusion_matrix_0_fe4e6b4be66185b428a3.png", "format": "png", "width": 1000, "height": 1000}, "_timestamp": 1717150694.653642, "_runtime": 10.194900035858154, "_step": 0, "_wandb": {"runtime": 8}}