{"AUC": 0.9435873607073689, "accuracy": 0.7151446398184912}